Size,Time(milliseconds)
1000,0.000041
2000,0.000042
5000,0.000041
10000,0.000083
20000,0.000083
50000,0.000083
100000,0.000083
200000,0.000083
500000,0.000125
1000000,0.000084
