Size,Time(seconds)
1000,0.00112
2000,0.00192
3000,0.00282
4000,0.00335
5000,0.00416
6000,0.00431
7000,0.00447
8000,0.00498
9000,0.00540
10000,0.00560
