Size,Time(seconds)
1000,0.02348
2000,0.06253
3000,0.11883
4000,0.20581
5000,0.31958
6000,0.45773
7000,0.62677
8000,0.82329
9000,1.04134
10000,1.29140
