Size,Time(seconds)
1000,0.00093
2000,0.00182
3000,0.00271
4000,0.00317
5000,0.00384
6000,0.00414
7000,0.00441
8000,0.00483
9000,0.00527
10000,0.00543
