Size,Time(seconds)
1000,0.00129
2000,0.00243
3000,0.00338
4000,0.00382
5000,0.00453
6000,0.00473
7000,0.00489
8000,0.00515
9000,0.00570
10000,0.00587
