Size,Time(seconds)
1000,0.02864
2000,0.06681
3000,0.11816
4000,0.20421
5000,0.31975
6000,0.45919
7000,0.62678
8000,0.81774
9000,1.03589
10000,1.29877
