Size,Time(seconds)
1000,0.00118
2000,0.00206
3000,0.00274
4000,0.00328
5000,0.00389
6000,0.00415
7000,0.00435
8000,0.00454
9000,0.00511
10000,0.00516
