Size,Time(seconds)
1000,0.00127
2000,0.00242
3000,0.00334
4000,0.00371
5000,0.00443
6000,0.00470
7000,0.00488
8000,0.00501
9000,0.00406
10000,0.00402
